{"media":{"accountId":98633,"accountKey":"wistia-production_98633","analyticsHost":"https://distillery.wistia.net","aspectRatio":1.7777777777777777,"assets":[{"type":"original","slug":"original","display_name":"Original File","details":{},"width":1920,"height":1080,"ext":"","size":218016335,"bitrate":15429,"public":true,"status":2,"progress":1.0,"url":"https://embed-ssl.wistia.com/deliveries/a774b21d732a7fa6bc2d7ea6c31bf6e3.bin","created_at":1662960948},{"type":"iphone_video","slug":"mp4_h264_632k","display_name":"360p","details":{},"container":"mp4","codec":"h264","width":640,"height":360,"ext":"mp4","size":8935136,"bitrate":632,"public":true,"status":2,"progress":1.0,"metadata":{"max_bitrate":874792,"average_bitrate":647544,"early_max_bitrate":418536,"av_stream_metadata":"{\"Audio\":{\"Codec ID\":\"mp4a-40-2\",\"frameRate\":43.066,\"sampleRate\":44100},\"Video\":{\"Codec ID\":\"avc1\",\"frameRate\":60,\"frameRateMode\":\"CFR\"}}"},"url":"https://embed-ssl.wistia.com/deliveries/aa348e9cce541e43f513153af89e2b5fab9a8a37.bin","created_at":1662960953,"segment_duration":3,"opt_vbitrate":1200},{"type":"mp4_video","slug":"mp4_h264_290k","display_name":"224p","details":{},"container":"mp4","codec":"h264","width":400,"height":224,"ext":"mp4","size":4107264,"bitrate":290,"public":true,"status":2,"progress":1.0,"metadata":{"max_bitrate":367056,"average_bitrate":297660,"early_max_bitrate":216144,"av_stream_metadata":"{\"Audio\":{\"Codec ID\":\"mp4a-40-2\",\"frameRate\":43.066,\"sampleRate\":44100},\"Video\":{\"Codec ID\":\"avc1\",\"frameRate\":60,\"frameRateMode\":\"CFR\"}}"},"url":"https://embed-ssl.wistia.com/deliveries/e649de7c49a6eaa743083d91bc53fe58d6989ba4.bin","created_at":1662960953,"segment_duration":3,"opt_vbitrate":300},{"type":"md_mp4_video","slug":"mp4_h264_1096k","display_name":"540p","details":{},"container":"mp4","codec":"h264","width":960,"height":540,"ext":"mp4","size":15487629,"bitrate":1096,"public":true,"status":2,"progress":1.0,"metadata":{"max_bitrate":1551080,"average_bitrate":1122413,"early_max_bitrate":707384,"av_stream_metadata":"{\"Audio\":{\"Codec ID\":\"mp4a-40-2\",\"frameRate\":43.066,\"sampleRate\":44100},\"Video\":{\"Codec ID\":\"avc1\",\"frameRate\":60,\"frameRateMode\":\"CFR\"}}"},"url":"https://embed-ssl.wistia.com/deliveries/91ab69764755abeb5fcfd8cbc5069d8aa742d345.bin","created_at":1662960953,"segment_duration":3,"opt_vbitrate":1800},{"type":"hd_mp4_video","slug":"mp4_h264_1751k","display_name":"720p","details":{},"container":"mp4","codec":"h264","width":1280,"height":720,"ext":"mp4","size":24750890,"bitrate":1751,"public":true,"status":2,"progress":1.0,"metadata":{"max_bitrate":2442792,"average_bitrate":1793737,"early_max_bitrate":1123920,"av_stream_metadata":"{\"Audio\":{\"Codec ID\":\"mp4a-40-2\",\"frameRate\":43.066,\"sampleRate\":44100},\"Video\":{\"Codec ID\":\"avc1\",\"frameRate\":60,\"frameRateMode\":\"CFR\"}}"},"url":"https://embed-ssl.wistia.com/deliveries/29344ee463914b838d7173a525a2ca86c7bd3994.bin","created_at":1662960953,"segment_duration":3,"opt_vbitrate":3750},{"type":"hd_mp4_video","slug":"mp4_h264_4464k","display_name":"1080p","details":{},"container":"mp4","codec":"h264","width":1920,"height":1080,"ext":"mp4","size":63083180,"bitrate":4464,"public":true,"status":2,"progress":1.0,"metadata":{"max_bitrate":5732552,"average_bitrate":4571741,"early_max_bitrate":2944136,"av_stream_metadata":"{\"Audio\":{\"Codec ID\":\"mp4a-40-2\",\"frameRate\":43.066,\"sampleRate\":44100},\"Video\":{\"Codec ID\":\"avc1\",\"frameRate\":60,\"frameRateMode\":\"CFR\"}}"},"url":"https://embed-ssl.wistia.com/deliveries/31390451ebb4614ada2411fabcb39f0ef17fd09e.bin","created_at":1662960953,"segment_duration":3,"opt_vbitrate":5625},{"type":"still_image","slug":"still_image_1920x1080","display_name":"Thumbnail Image","details":{},"width":1920,"height":1080,"ext":"jpg","size":1526072,"bitrate":0,"public":true,"status":2,"progress":1.0,"url":"https://embed-ssl.wistia.com/deliveries/ed0992d7712a34cc83baee70a50a7cd8f12363e2.bin","created_at":1662960953},{"type":"storyboard","slug":"storyboard_2000x2260","display_name":"Storyboard","details":{},"width":2000,"height":2260,"ext":"jpg","size":6449097,"bitrate":0,"public":true,"status":2,"progress":1.0,"metadata":{"frame_count":200,"aspect_ratio":1.7777777777777777,"frame_height":113,"frame_width":200},"url":"https://embed-ssl.wistia.com/deliveries/c84456cae4d823a538e9561cc3a1e96c81935d4e.bin","created_at":1662960953}],"branding":false,"createdAt":1662960948,"distilleryUrl":"https://distillery.wistia.com/x","duration":110.388,"enableCustomerLogo":true,"firstEmbedForAccount":false,"firstShareForAccount":false,"hashedId":"9saqe9t8ch","mediaId":95091907,"mediaKey":"wistia-production_95091907","mediaType":"Video","name":"sites/2147497662/video/iq8NiWERTJiSsbwRezGV_VN20220816_143359_Brendon_Maartens.mp4","preloadPreference":"","progress":1.0,"protected":false,"projectId":5883008,"seoDescription":"a Kajabi Site 2147497662 video","showAbout":true,"status":2,"type":"Video","playableWithoutInstantHls":true,"stats":{"loadCount":407561,"playCount":9872,"uniqueLoadCount":266941,"uniquePlayCount":9709,"averageEngagement":0.508629},"trackingTransmitInterval":20,"liveStreamEventDetails":null,"integrations":{"google_analytics":true},"embed_options":{"volumeControl":"true","fullscreenButton":"true","controlsVisibleOnLoad":"true","playerColor":"2949E5","bpbTime":"false","plugin":{},"vulcan":true},"embedOptions":{"volumeControl":"true","fullscreenButton":"true","controlsVisibleOnLoad":"true","playerColor":"2949E5","bpbTime":"false","plugin":{},"vulcan":true}},"options":{}}