{"media":{"accountId":98633,"accountKey":"wistia-production_98633","analyticsHost":"https://distillery.wistia.net","aspectRatio":1.7777777777777777,"assets":[{"type":"original","slug":"original","display_name":"Original File","details":{},"width":1920,"height":1080,"ext":"","size":406500236,"bitrate":10133,"public":true,"status":2,"progress":1.0,"metadata":{"served_by_media_api":1},"url":"https://embed-ssl.wistia.com/deliveries/d854d47ee0869aff5561fe22f7e7bb68.bin","created_at":1629957715},{"type":"iphone_video","slug":"mp4_h264_645k","display_name":"360p","details":{},"container":"mp4","codec":"h264","width":640,"height":360,"ext":"mp4","size":25884688,"bitrate":645,"public":true,"status":2,"progress":1.0,"metadata":{"max_bitrate":156063,"early_max_bitrate":131331,"average_bitrate":82607,"av_stream_metadata":"{\"Video\":{\"Codec ID\":\"avc1\"},\"Audio\":{\"Codec ID\":\"mp4a-40-2\"}}"},"url":"https://embed-ssl.wistia.com/deliveries/d13ea74f93894f1bca0573f2bd07015577bcb354.bin","created_at":1629957724,"segment_duration":3,"opt_vbitrate":1200},{"type":"mp4_video","slug":"mp4_h264_351k","display_name":"224p","details":{},"container":"mp4","codec":"h264","width":400,"height":224,"ext":"mp4","size":14097381,"bitrate":351,"public":true,"status":2,"progress":1.0,"metadata":{"max_bitrate":58120,"early_max_bitrate":52479,"average_bitrate":44989,"av_stream_metadata":"{\"Video\":{\"Codec ID\":\"avc1\"},\"Audio\":{\"Codec ID\":\"mp4a-40-2\"}}"},"url":"https://embed-ssl.wistia.com/deliveries/2dbe3afe3afc576d885ce9623993bef4875c497b.bin","created_at":1629957724,"segment_duration":3,"opt_vbitrate":300},{"type":"md_mp4_video","slug":"mp4_h264_1085k","display_name":"540p","details":{},"container":"mp4","codec":"h264","width":960,"height":540,"ext":"mp4","size":43549203,"bitrate":1085,"public":true,"status":2,"progress":1.0,"metadata":{"max_bitrate":245388,"early_max_bitrate":199723,"average_bitrate":138981,"av_stream_metadata":"{\"Video\":{\"Codec ID\":\"avc1\"},\"Audio\":{\"Codec ID\":\"mp4a-40-2\"}}"},"url":"https://embed-ssl.wistia.com/deliveries/94ffedb1982f2ee73676a2eccdbc4a7bd8177c57.bin","created_at":1629957724,"segment_duration":3,"opt_vbitrate":1800},{"type":"hd_mp4_video","slug":"mp4_h264_1639k","display_name":"720p","details":{},"container":"mp4","codec":"h264","width":1280,"height":720,"ext":"mp4","size":65748648,"bitrate":1639,"public":true,"status":2,"progress":1.0,"metadata":{"max_bitrate":372794,"early_max_bitrate":333073,"average_bitrate":209828,"av_stream_metadata":"{\"Video\":{\"Codec ID\":\"avc1\"},\"Audio\":{\"Codec ID\":\"mp4a-40-2\"}}"},"url":"https://embed-ssl.wistia.com/deliveries/2372590f9206e385212d77e72a46b3dd416fcb02.bin","created_at":1629957724,"segment_duration":3,"opt_vbitrate":3750},{"type":"hd_mp4_video","slug":"mp4_h264_3091k","display_name":"1080p","details":{},"container":"mp4","codec":"h264","width":1920,"height":1080,"ext":"mp4","size":123994451,"bitrate":3091,"public":true,"status":2,"progress":1.0,"metadata":{"max_bitrate":671089,"early_max_bitrate":539258,"average_bitrate":395712,"av_stream_metadata":"{\"Video\":{\"Codec ID\":\"avc1\"},\"Audio\":{\"Codec ID\":\"mp4a-40-2\"}}"},"url":"https://embed-ssl.wistia.com/deliveries/6622504eb33d97e3631b0e3669e6b5a5017f3e7d.bin","created_at":1629957724,"segment_duration":3,"opt_vbitrate":5625},{"type":"still_image","slug":"still_image_1920x1080","display_name":"Thumbnail Image","details":{},"width":1920,"height":1080,"ext":"jpg","size":158781,"bitrate":0,"public":true,"status":2,"progress":1.0,"metadata":{"served_by_media_api":1},"url":"https://embed-ssl.wistia.com/deliveries/d05e58568bc74474161ff841e37f96be749ca7ab.bin","created_at":1629957724},{"type":"storyboard","slug":"storyboard_2000x2260","display_name":"Storyboard","details":{},"width":2000,"height":2260,"ext":"jpg","size":1908108,"bitrate":0,"public":true,"status":2,"progress":1.0,"metadata":{"frame_width":200,"frame_height":113,"frame_count":200,"av_stream_metadata":"null","aspect_ratio":1.7777777777777777},"url":"https://embed-ssl.wistia.com/deliveries/59a48fb95b82c240c8ee94142935a106bb7a0e80.bin","created_at":1629957724}],"branding":false,"createdAt":1629957715,"distilleryUrl":"https://distillery.wistia.com/x","duration":313.334,"enableCustomerLogo":true,"firstEmbedForAccount":false,"firstShareForAccount":false,"hashedId":"doyjy354n6","mediaId":77771435,"mediaKey":"wistia-production_77771435","mediaType":"Video","name":"sites/2147497662/video/hX758EmwSTmZ8UMDJx4O_Full_Length_Marketing_Video_FINAL.mp4","preloadPreference":"","progress":1.0,"protected":false,"projectId":5883008,"seoDescription":"a Kajabi Site 2147497662 video","showAbout":true,"status":2,"type":"Video","playableWithoutInstantHls":true,"stats":{"loadCount":439030,"playCount":28114,"uniqueLoadCount":289405,"uniquePlayCount":26056,"averageEngagement":0.452419},"trackingTransmitInterval":20,"liveStreamEventDetails":null,"integrations":{"google_analytics":true},"embed_options":{"volumeControl":"true","fullscreenButton":"true","controlsVisibleOnLoad":"true","playerColor":"1e71e7","bpbTime":"false","plugin":{},"vulcan":true},"embedOptions":{"volumeControl":"true","fullscreenButton":"true","controlsVisibleOnLoad":"true","playerColor":"1e71e7","bpbTime":"false","plugin":{},"vulcan":true}},"options":{}}