{"media":{"accountId":98633,"accountKey":"wistia-production_98633","analyticsHost":"https://distillery.wistia.net","aspectRatio":0.5625,"assets":[{"type":"original","slug":"original","display_name":"Original File","details":{},"width":1920,"height":1080,"ext":"","size":168063329,"bitrate":9730,"public":true,"status":2,"progress":1.0,"url":"https://embed-ssl.wistia.com/deliveries/948bef9b92d7023940bab2407119076e.bin","created_at":1662961050},{"type":"iphone_video","slug":"mp4_h264_808k","display_name":"360p","details":{},"container":"mp4","codec":"h264","width":360,"height":640,"ext":"mp4","size":13971494,"bitrate":808,"public":true,"status":2,"progress":1.0,"metadata":{"max_bitrate":984816,"average_bitrate":828228,"early_max_bitrate":941776,"av_stream_metadata":"{\"Audio\":{\"Codec ID\":\"mp4a-40-2\",\"frameRate\":43.066,\"sampleRate\":44100},\"Video\":{\"Codec ID\":\"avc1\",\"frameRate\":30,\"frameRateMode\":\"CFR\"}}"},"url":"https://embed-ssl.wistia.com/deliveries/915f25ac8002c6e1f2a49da0e553c2cf8f02a690.bin","created_at":1662961056,"segment_duration":3,"opt_vbitrate":1200},{"type":"mp4_video","slug":"mp4_h264_413k","display_name":"224p","details":{},"container":"mp4","codec":"h264","width":224,"height":400,"ext":"mp4","size":7148169,"bitrate":413,"public":true,"status":2,"progress":1.0,"metadata":{"max_bitrate":454736,"average_bitrate":423742,"early_max_bitrate":440640,"av_stream_metadata":"{\"Audio\":{\"Codec ID\":\"mp4a-40-2\",\"frameRate\":43.066,\"sampleRate\":44100},\"Video\":{\"Codec ID\":\"avc1\",\"frameRate\":30,\"frameRateMode\":\"CFR\"}}"},"url":"https://embed-ssl.wistia.com/deliveries/dfa43439f8ffa72467d55e2742207d8841b61ec9.bin","created_at":1662961056,"segment_duration":3,"opt_vbitrate":300},{"type":"md_mp4_video","slug":"mp4_h264_1429k","display_name":"540p","details":{},"container":"mp4","codec":"h264","width":540,"height":960,"ext":"mp4","size":24684593,"bitrate":1429,"public":true,"status":2,"progress":1.0,"metadata":{"max_bitrate":1720704,"average_bitrate":1463300,"early_max_bitrate":1596256,"av_stream_metadata":"{\"Audio\":{\"Codec ID\":\"mp4a-40-2\",\"frameRate\":43.066,\"sampleRate\":44100},\"Video\":{\"Codec ID\":\"avc1\",\"frameRate\":30,\"frameRateMode\":\"CFR\"}}"},"url":"https://embed-ssl.wistia.com/deliveries/f1625b0c0d6e26e28d0146ba5d28b74a202e6911.bin","created_at":1662961056,"segment_duration":3,"opt_vbitrate":1800},{"type":"hd_mp4_video","slug":"mp4_h264_2418k","display_name":"720p","details":{},"container":"mp4","codec":"h264","width":720,"height":1280,"ext":"mp4","size":41770692,"bitrate":2418,"public":true,"status":2,"progress":1.0,"metadata":{"max_bitrate":2890512,"average_bitrate":2476162,"early_max_bitrate":2890512,"av_stream_metadata":"{\"Audio\":{\"Codec ID\":\"mp4a-40-2\",\"frameRate\":43.066,\"sampleRate\":44100},\"Video\":{\"Codec ID\":\"avc1\",\"frameRate\":30,\"frameRateMode\":\"CFR\"}}"},"url":"https://embed-ssl.wistia.com/deliveries/792b1a238dfb3f9e2c7da004c2c4e7c85db63bfb.bin","created_at":1662961056,"segment_duration":3,"opt_vbitrate":3750},{"type":"hd_mp4_video","slug":"mp4_h264_4924k","display_name":"1080p","details":{},"container":"mp4","codec":"h264","width":1080,"height":1920,"ext":"mp4","size":85058431,"bitrate":4924,"public":true,"status":2,"progress":1.0,"metadata":{"max_bitrate":5586968,"average_bitrate":5042255,"early_max_bitrate":5205088,"av_stream_metadata":"{\"Audio\":{\"Codec ID\":\"mp4a-40-2\",\"frameRate\":43.066,\"sampleRate\":44100},\"Video\":{\"Codec ID\":\"avc1\",\"frameRate\":30,\"frameRateMode\":\"CFR\"}}"},"url":"https://embed-ssl.wistia.com/deliveries/48512cfc08a5f7980b10dbe7cffac1194727198e.bin","created_at":1662961056,"segment_duration":3,"opt_vbitrate":5625},{"type":"still_image","slug":"still_image_1080x1920","display_name":"Thumbnail Image","details":{},"width":1080,"height":1920,"ext":"jpg","size":1976925,"bitrate":0,"public":true,"status":2,"progress":1.0,"url":"https://embed-ssl.wistia.com/deliveries/f33702768a0546d6437063b07ad27a63033f22cc.bin","created_at":1662961056},{"type":"storyboard","slug":"storyboard_2000x2260","display_name":"Storyboard","details":{},"width":2000,"height":2260,"ext":"jpg","size":6959783,"bitrate":0,"public":true,"status":2,"progress":1.0,"metadata":{"frame_count":200,"aspect_ratio":1.7777777777777777,"frame_height":113,"frame_width":200},"url":"https://embed-ssl.wistia.com/deliveries/e0cc0ed478606ca065047a1e0b947bcefcbfd5c5.bin","created_at":1662961056}],"branding":false,"createdAt":1662961050,"distilleryUrl":"https://distillery.wistia.com/x","duration":134.953,"enableCustomerLogo":true,"firstEmbedForAccount":false,"firstShareForAccount":false,"hashedId":"me8hiklj4j","mediaId":95091930,"mediaKey":"wistia-production_95091930","mediaType":"Video","name":"sites/2147497662/video/GfsOIDPGSWWjsr4HSTil_IMG_6251_Charles_Ebi.MOV","preloadPreference":"","progress":1.0,"protected":false,"projectId":5883008,"seoDescription":"a Kajabi Site 2147497662 video","showAbout":true,"status":2,"type":"Video","playableWithoutInstantHls":true,"stats":{"loadCount":406624,"playCount":7630,"uniqueLoadCount":266652,"uniquePlayCount":7563,"averageEngagement":0.297518},"trackingTransmitInterval":20,"liveStreamEventDetails":null,"integrations":{"google_analytics":true},"embed_options":{"volumeControl":"true","fullscreenButton":"true","controlsVisibleOnLoad":"true","playerColor":"2949E5","bpbTime":"false","plugin":{},"vulcan":true},"embedOptions":{"volumeControl":"true","fullscreenButton":"true","controlsVisibleOnLoad":"true","playerColor":"2949E5","bpbTime":"false","plugin":{},"vulcan":true}},"options":{}}