{"media":{"accountId":98633,"accountKey":"wistia-production_98633","analyticsHost":"https://distillery.wistia.net","aspectRatio":1.7777777777777777,"assets":[{"type":"original","slug":"original","display_name":"Original File","details":{},"width":1920,"height":1080,"ext":"","size":24720425,"bitrate":5443,"public":true,"status":2,"progress":1.0,"metadata":{"served_by_media_api":1},"url":"https://embed-ssl.wistia.com/deliveries/c5b4049f139410135ea564344b85bd5d.bin","created_at":1629182789},{"type":"iphone_video","slug":"mp4_h264_681k","display_name":"360p","details":{},"container":"mp4","codec":"h264","width":640,"height":360,"ext":"mp4","size":3094862,"bitrate":681,"public":true,"status":2,"progress":1.0,"metadata":{"max_bitrate":112413,"early_max_bitrate":91718,"average_bitrate":87120,"av_stream_metadata":"{\"Video\":{\"Codec ID\":\"avc1\"},\"Audio\":{\"Codec ID\":\"mp4a-40-2\"}}"},"url":"https://embed-ssl.wistia.com/deliveries/c7ad4d63a0347e1aa224ca337c091492003e1333.bin","created_at":1629182792,"segment_duration":3,"opt_vbitrate":1200},{"type":"mp4_video","slug":"mp4_h264_352k","display_name":"224p","details":{},"container":"mp4","codec":"h264","width":400,"height":224,"ext":"mp4","size":1598282,"bitrate":352,"public":true,"status":2,"progress":1.0,"metadata":{"max_bitrate":49351,"early_max_bitrate":45791,"average_bitrate":44991,"av_stream_metadata":"{\"Video\":{\"Codec ID\":\"avc1\"},\"Audio\":{\"Codec ID\":\"mp4a-40-2\"}}"},"url":"https://embed-ssl.wistia.com/deliveries/b8c716b721640a15adc71850739e82d6feaddf37.bin","created_at":1629182792,"segment_duration":3,"opt_vbitrate":300},{"type":"md_mp4_video","slug":"mp4_h264_1200k","display_name":"540p","details":{},"container":"mp4","codec":"h264","width":960,"height":540,"ext":"mp4","size":5451278,"bitrate":1200,"public":true,"status":2,"progress":1.0,"metadata":{"max_bitrate":181800,"early_max_bitrate":163377,"average_bitrate":153453,"av_stream_metadata":"{\"Video\":{\"Codec ID\":\"avc1\"},\"Audio\":{\"Codec ID\":\"mp4a-40-2\"}}"},"url":"https://embed-ssl.wistia.com/deliveries/0e937f9f84ba84da751157944429fe7ba22dd023.bin","created_at":1629182792,"segment_duration":3,"opt_vbitrate":1800},{"type":"hd_mp4_video","slug":"mp4_h264_1878k","display_name":"720p","details":{},"container":"mp4","codec":"h264","width":1280,"height":720,"ext":"mp4","size":8528074,"bitrate":1878,"public":true,"status":2,"progress":1.0,"metadata":{"max_bitrate":281939,"early_max_bitrate":247697,"average_bitrate":240065,"av_stream_metadata":"{\"Video\":{\"Codec ID\":\"avc1\"},\"Audio\":{\"Codec ID\":\"mp4a-40-2\"}}"},"url":"https://embed-ssl.wistia.com/deliveries/aeac59c8a01df249f8e54891958d8c848b583b88.bin","created_at":1629182792,"segment_duration":3,"opt_vbitrate":3750},{"type":"hd_mp4_video","slug":"mp4_h264_4089k","display_name":"1080p","details":{},"container":"mp4","codec":"h264","width":1920,"height":1080,"ext":"mp4","size":18565210,"bitrate":4089,"public":true,"status":2,"progress":1.0,"metadata":{"max_bitrate":604576,"early_max_bitrate":534185,"average_bitrate":522610,"av_stream_metadata":"{\"Video\":{\"Codec ID\":\"avc1\"},\"Audio\":{\"Codec ID\":\"mp4a-40-2\"}}"},"url":"https://embed-ssl.wistia.com/deliveries/3feb04980fc50bba49a10d15c1a20f43820915a4.bin","created_at":1629182792,"segment_duration":3,"opt_vbitrate":5625},{"type":"still_image","slug":"still_image_1920x1080","display_name":"Thumbnail Image","details":{},"width":1920,"height":1080,"ext":"jpg","size":436189,"bitrate":0,"public":true,"status":2,"progress":1.0,"metadata":{"served_by_media_api":1},"url":"https://embed-ssl.wistia.com/deliveries/f2d1895e0a31b2943979debf7a040896ca3c4f9c.bin","created_at":1629182792},{"type":"storyboard","slug":"storyboard_2000x904","display_name":"Storyboard","details":{},"width":2000,"height":904,"ext":"jpg","size":698597,"bitrate":0,"public":true,"status":2,"progress":1.0,"metadata":{"frame_width":200,"frame_height":113,"frame_count":71,"av_stream_metadata":"null","aspect_ratio":1.7777777777777777},"url":"https://embed-ssl.wistia.com/deliveries/bb33d99b9cdde1d0835691b2e9cab3b4e43ae277.bin","created_at":1629182792}],"branding":false,"createdAt":1629182789,"distilleryUrl":"https://distillery.wistia.com/x","duration":35.469,"enableCustomerLogo":true,"firstEmbedForAccount":false,"firstShareForAccount":false,"hashedId":"oz6bhtq7j4","mediaId":77357465,"mediaKey":"wistia-production_77357465","mediaType":"Video","name":"sites/2147497662/video/qdaRpLULQAah7oegncjR_Standing_O_background_video.mp4","preloadPreference":"","progress":1.0,"protected":false,"projectId":5883008,"seoDescription":"a Kajabi Site 2147497662 video","showAbout":true,"status":2,"type":"Video","playableWithoutInstantHls":true,"stats":{"loadCount":451450,"playCount":378193,"uniqueLoadCount":296004,"uniquePlayCount":263860,"averageEngagement":0.312636},"trackingTransmitInterval":20,"liveStreamEventDetails":null,"integrations":{"google_analytics":true},"embed_options":{"volumeControl":"true","fullscreenButton":"true","controlsVisibleOnLoad":"true","playerColor":"1e71e7","bpbTime":"false","plugin":{},"vulcan":true},"embedOptions":{"volumeControl":"true","fullscreenButton":"true","controlsVisibleOnLoad":"true","playerColor":"1e71e7","bpbTime":"false","plugin":{},"vulcan":true}},"options":{}}