{"media":{"accountId":98633,"accountKey":"wistia-production_98633","analyticsHost":"https://distillery.wistia.net","aspectRatio":1.7777777777777777,"assets":[{"type":"original","slug":"original","display_name":"Original File","details":{},"width":1920,"height":1080,"ext":"","size":522848642,"bitrate":10082,"public":true,"status":2,"progress":1.0,"metadata":{"served_by_media_api":1},"url":"https://embed-ssl.wistia.com/deliveries/8236e556840aea758fd24a2f0708d691.bin","created_at":1629244201},{"type":"iphone_video","slug":"mp4_h264_488k","display_name":"360p","details":{},"container":"mp4","codec":"h264","width":640,"height":360,"ext":"mp4","size":25329112,"bitrate":488,"public":true,"status":2,"progress":1.0,"metadata":{"max_bitrate":125915,"early_max_bitrate":105739,"average_bitrate":62522,"av_stream_metadata":"{\"Video\":{\"Codec ID\":\"avc1\"},\"Audio\":{\"Codec ID\":\"mp4a-40-2\"}}"},"url":"https://embed-ssl.wistia.com/deliveries/caced0d5bbdd6b11b4f8d51137237c5493dd3d6c.bin","created_at":1629244210,"segment_duration":3,"opt_vbitrate":1200},{"type":"mp4_video","slug":"mp4_h264_295k","display_name":"224p","details":{},"container":"mp4","codec":"h264","width":400,"height":224,"ext":"mp4","size":15319984,"bitrate":295,"public":true,"status":2,"progress":1.0,"metadata":{"max_bitrate":57325,"early_max_bitrate":51118,"average_bitrate":37815,"av_stream_metadata":"{\"Video\":{\"Codec ID\":\"avc1\"},\"Audio\":{\"Codec ID\":\"mp4a-40-2\"}}"},"url":"https://embed-ssl.wistia.com/deliveries/0b7fae5fce934117c18cc9d0f989d7ccdd03241e.bin","created_at":1629244210,"segment_duration":3,"opt_vbitrate":300},{"type":"md_mp4_video","slug":"mp4_h264_802k","display_name":"540p","details":{},"container":"mp4","codec":"h264","width":960,"height":540,"ext":"mp4","size":41601693,"bitrate":802,"public":true,"status":2,"progress":1.0,"metadata":{"max_bitrate":201204,"early_max_bitrate":169988,"average_bitrate":102689,"av_stream_metadata":"{\"Video\":{\"Codec ID\":\"avc1\"},\"Audio\":{\"Codec ID\":\"mp4a-40-2\"}}"},"url":"https://embed-ssl.wistia.com/deliveries/65ed5d01ee75d087a9cd2d01655e908ae4efebef.bin","created_at":1629244210,"segment_duration":3,"opt_vbitrate":1800},{"type":"hd_mp4_video","slug":"mp4_h264_1221k","display_name":"720p","details":{},"container":"mp4","codec":"h264","width":1280,"height":720,"ext":"mp4","size":63325665,"bitrate":1221,"public":true,"status":2,"progress":1.0,"metadata":{"max_bitrate":292248,"early_max_bitrate":278874,"average_bitrate":156313,"av_stream_metadata":"{\"Video\":{\"Codec ID\":\"avc1\"},\"Audio\":{\"Codec ID\":\"mp4a-40-2\"}}"},"url":"https://embed-ssl.wistia.com/deliveries/632dc3de54fe457916fca79ea238fb21503e7274.bin","created_at":1629244211,"segment_duration":3,"opt_vbitrate":3750},{"type":"hd_mp4_video","slug":"mp4_h264_2800k","display_name":"1080p","details":{},"container":"mp4","codec":"h264","width":1920,"height":1080,"ext":"mp4","size":145208547,"bitrate":2800,"public":true,"status":2,"progress":1.0,"metadata":{"max_bitrate":570002,"early_max_bitrate":511708,"average_bitrate":358433,"av_stream_metadata":"{\"Video\":{\"Codec ID\":\"avc1\"},\"Audio\":{\"Codec ID\":\"mp4a-40-2\"}}"},"url":"https://embed-ssl.wistia.com/deliveries/9ce8503cc67cc0e386ec51203271f14115c5c433.bin","created_at":1629244211,"segment_duration":3,"opt_vbitrate":5625},{"type":"still_image","slug":"still_image_1920x1080","display_name":"Thumbnail Image","details":{},"width":1920,"height":1080,"ext":"jpg","size":439015,"bitrate":0,"public":true,"status":2,"progress":1.0,"metadata":{"served_by_media_api":1},"url":"https://embed-ssl.wistia.com/deliveries/0a28acca4f57afd0578149dfc8c146e149e515f3.bin","created_at":1629244211},{"type":"storyboard","slug":"storyboard_2000x2260","display_name":"Storyboard","details":{},"width":2000,"height":2260,"ext":"jpg","size":2031164,"bitrate":0,"public":true,"status":2,"progress":1.0,"metadata":{"frame_width":200,"frame_height":113,"frame_count":200,"av_stream_metadata":"null","aspect_ratio":1.7777777777777777},"url":"https://embed-ssl.wistia.com/deliveries/9e0f62b9258eb5d4bd5d4bf50ba3c672e155124e.bin","created_at":1629244211}],"branding":false,"createdAt":1629244201,"distilleryUrl":"https://distillery.wistia.com/x","duration":405.1,"enableCustomerLogo":true,"firstEmbedForAccount":false,"firstShareForAccount":false,"hashedId":"p4jrut4jpi","mediaId":77406020,"mediaKey":"wistia-production_77406020","mediaType":"Video","name":"sites/2147497662/video/zs9aguWQdyXEb8VsAz3Q_Module_2_-_Video_4_-_Pitch_Melody_MASTER_.mp4","preloadPreference":"","progress":1.0,"protected":false,"projectId":5883008,"seoDescription":"a Kajabi Site 2147497662 video","showAbout":true,"status":2,"type":"Video","playableWithoutInstantHls":true,"stats":{"loadCount":448617,"playCount":387770,"uniqueLoadCount":293956,"uniquePlayCount":268079,"averageEngagement":0.116722},"trackingTransmitInterval":20,"liveStreamEventDetails":null,"integrations":{"google_analytics":true},"embed_options":{"volumeControl":"true","fullscreenButton":"true","controlsVisibleOnLoad":"true","playerColor":"1e71e7","bpbTime":"false","plugin":{},"vulcan":true},"embedOptions":{"volumeControl":"true","fullscreenButton":"true","controlsVisibleOnLoad":"true","playerColor":"1e71e7","bpbTime":"false","plugin":{},"vulcan":true}},"options":{}}