{"media":{"accountId":98633,"accountKey":"wistia-production_98633","analyticsHost":"https://distillery.wistia.net","aspectRatio":1.7777777777777777,"assets":[{"type":"original","slug":"original","display_name":"Original File","details":{},"width":1920,"height":1080,"ext":"","size":257173314,"bitrate":15836,"public":true,"status":2,"progress":1.0,"url":"https://embed-ssl.wistia.com/deliveries/6747bf24ed4df879957c056005eff9f2.bin","created_at":1662960433},{"type":"iphone_video","slug":"mp4_h264_534k","display_name":"360p","details":{},"container":"mp4","codec":"h264","width":640,"height":360,"ext":"mp4","size":8674235,"bitrate":534,"public":true,"status":2,"progress":1.0,"metadata":{"max_bitrate":878384,"average_bitrate":547058,"early_max_bitrate":557048,"av_stream_metadata":"{\"Audio\":{\"Codec ID\":\"mp4a-40-2\",\"frameRate\":43.066,\"sampleRate\":44100},\"Video\":{\"Codec ID\":\"avc1\",\"frameRate\":25,\"frameRateMode\":\"CFR\"}}"},"url":"https://embed-ssl.wistia.com/deliveries/c9fb5ddac11cb6392ee0ea8774eaed755c6139e3.bin","created_at":1662960440,"segment_duration":3,"opt_vbitrate":1200},{"type":"mp4_video","slug":"mp4_h264_318k","display_name":"224p","details":{},"container":"mp4","codec":"h264","width":400,"height":224,"ext":"mp4","size":5165598,"bitrate":318,"public":true,"status":2,"progress":1.0,"metadata":{"max_bitrate":388240,"average_bitrate":325779,"early_max_bitrate":336000,"av_stream_metadata":"{\"Audio\":{\"Codec ID\":\"mp4a-40-2\",\"frameRate\":43.066,\"sampleRate\":44100},\"Video\":{\"Codec ID\":\"avc1\",\"frameRate\":25,\"frameRateMode\":\"CFR\"}}"},"url":"https://embed-ssl.wistia.com/deliveries/7edf53ffd00c8021556b1dc9caf470c60ada8c7a.bin","created_at":1662960440,"segment_duration":3,"opt_vbitrate":300},{"type":"md_mp4_video","slug":"mp4_h264_849k","display_name":"540p","details":{},"container":"mp4","codec":"h264","width":960,"height":540,"ext":"mp4","size":13785349,"bitrate":849,"public":true,"status":2,"progress":1.0,"metadata":{"max_bitrate":1265344,"average_bitrate":869402,"early_max_bitrate":895368,"av_stream_metadata":"{\"Audio\":{\"Codec ID\":\"mp4a-40-2\",\"frameRate\":43.066,\"sampleRate\":44100},\"Video\":{\"Codec ID\":\"avc1\",\"frameRate\":25,\"frameRateMode\":\"CFR\"}}"},"url":"https://embed-ssl.wistia.com/deliveries/a635b7c98930e91209aad58148139f989c9adc32.bin","created_at":1662960440,"segment_duration":3,"opt_vbitrate":1800},{"type":"hd_mp4_video","slug":"mp4_h264_1270k","display_name":"720p","details":{},"container":"mp4","codec":"h264","width":1280,"height":720,"ext":"mp4","size":20631303,"bitrate":1270,"public":true,"status":2,"progress":1.0,"metadata":{"max_bitrate":1948992,"average_bitrate":1301156,"early_max_bitrate":1360840,"av_stream_metadata":"{\"Audio\":{\"Codec ID\":\"mp4a-40-2\",\"frameRate\":43.066,\"sampleRate\":44100},\"Video\":{\"Codec ID\":\"avc1\",\"frameRate\":25,\"frameRateMode\":\"CFR\"}}"},"url":"https://embed-ssl.wistia.com/deliveries/879330084ec24de8c25998b2186946cfe194fe32.bin","created_at":1662960440,"segment_duration":3,"opt_vbitrate":3750},{"type":"hd_mp4_video","slug":"mp4_h264_2520k","display_name":"1080p","details":{},"container":"mp4","codec":"h264","width":1920,"height":1080,"ext":"mp4","size":40917196,"bitrate":2520,"public":true,"status":2,"progress":1.0,"metadata":{"max_bitrate":3722064,"average_bitrate":2580529,"early_max_bitrate":2783304,"av_stream_metadata":"{\"Audio\":{\"Codec ID\":\"mp4a-40-2\",\"frameRate\":43.066,\"sampleRate\":44100},\"Video\":{\"Codec ID\":\"avc1\",\"frameRate\":25,\"frameRateMode\":\"CFR\"}}"},"url":"https://embed-ssl.wistia.com/deliveries/977ff4cb92155fa8886122459ef16550d4a7d1e7.bin","created_at":1662960440,"segment_duration":3,"opt_vbitrate":5625},{"type":"still_image","slug":"still_image_1920x1080","display_name":"Thumbnail Image","details":{},"width":1920,"height":1080,"ext":"jpg","size":1223190,"bitrate":0,"public":true,"status":2,"progress":1.0,"url":"https://embed-ssl.wistia.com/deliveries/b666ff91279411bd90d7f7df261c27e68168fcb9.bin","created_at":1662960440},{"type":"storyboard","slug":"storyboard_2000x2260","display_name":"Storyboard","details":{},"width":2000,"height":2260,"ext":"jpg","size":5334967,"bitrate":0,"public":true,"status":2,"progress":1.0,"metadata":{"frame_count":200,"aspect_ratio":1.7777777777777777,"frame_height":113,"frame_width":200},"url":"https://embed-ssl.wistia.com/deliveries/652191402ae14e3b9de7b0b1780cca407d76c612.bin","created_at":1662960440}],"branding":false,"createdAt":1662960433,"distilleryUrl":"https://distillery.wistia.com/x","duration":126.849,"enableCustomerLogo":true,"firstEmbedForAccount":false,"firstShareForAccount":false,"hashedId":"sd24ev5ff9","mediaId":95091735,"mediaKey":"wistia-production_95091735","mediaType":"Video","name":"sites/2147497662/video/VuWddCviQJeF2GU0MXzK_Horizontal.mp4","preloadPreference":"","progress":1.0,"protected":false,"projectId":5883008,"seoDescription":"a Kajabi Site 2147497662 video","showAbout":true,"status":2,"type":"Video","playableWithoutInstantHls":true,"stats":{"loadCount":408126,"playCount":6593,"uniqueLoadCount":267119,"uniquePlayCount":6403,"averageEngagement":0.494686},"trackingTransmitInterval":20,"liveStreamEventDetails":null,"integrations":{"google_analytics":true},"embed_options":{"volumeControl":"true","fullscreenButton":"true","controlsVisibleOnLoad":"true","playerColor":"2949E5","bpbTime":"false","plugin":{},"vulcan":true},"embedOptions":{"volumeControl":"true","fullscreenButton":"true","controlsVisibleOnLoad":"true","playerColor":"2949E5","bpbTime":"false","plugin":{},"vulcan":true}},"options":{}}