{"media":{"accountId":98633,"accountKey":"wistia-production_98633","analyticsHost":"https://distillery.wistia.net","aspectRatio":1.7777777777777777,"assets":[{"type":"original","slug":"original","display_name":"Original File","details":{},"width":1920,"height":1080,"ext":"","size":75049245,"bitrate":10005,"public":true,"status":2,"progress":1.0,"metadata":{"served_by_media_api":1},"url":"https://embed-ssl.wistia.com/deliveries/a848558bd3e0b835dc240025aeb37a20.bin","created_at":1629259304},{"type":"iphone_video","slug":"mp4_h264_503k","display_name":"360p","details":{},"container":"mp4","codec":"h264","width":640,"height":360,"ext":"mp4","size":3774539,"bitrate":503,"public":true,"status":2,"progress":1.0,"metadata":{"max_bitrate":98329,"early_max_bitrate":62795,"average_bitrate":64455,"av_stream_metadata":"{\"Video\":{\"Codec ID\":\"avc1\"},\"Audio\":{\"Codec ID\":\"mp4a-40-2\"}}"},"url":"https://embed-ssl.wistia.com/deliveries/02d205ff2c2fa3f479ef0441e0430a3a754d34f4.bin","created_at":1629259307,"segment_duration":3,"opt_vbitrate":1200},{"type":"mp4_video","slug":"mp4_h264_302k","display_name":"224p","details":{},"container":"mp4","codec":"h264","width":400,"height":224,"ext":"mp4","size":2266034,"bitrate":302,"public":true,"status":2,"progress":1.0,"metadata":{"max_bitrate":57929,"early_max_bitrate":36958,"average_bitrate":38695,"av_stream_metadata":"{\"Video\":{\"Codec ID\":\"avc1\"},\"Audio\":{\"Codec ID\":\"mp4a-40-2\"}}"},"url":"https://embed-ssl.wistia.com/deliveries/26b324d9033d57f566c4a72a0a8857ba797b5447.bin","created_at":1629259307,"segment_duration":3,"opt_vbitrate":300},{"type":"md_mp4_video","slug":"mp4_h264_825k","display_name":"540p","details":{},"container":"mp4","codec":"h264","width":960,"height":540,"ext":"mp4","size":6184168,"bitrate":825,"public":true,"status":2,"progress":1.0,"metadata":{"max_bitrate":160005,"early_max_bitrate":107170,"average_bitrate":105603,"av_stream_metadata":"{\"Video\":{\"Codec ID\":\"avc1\"},\"Audio\":{\"Codec ID\":\"mp4a-40-2\"}}"},"url":"https://embed-ssl.wistia.com/deliveries/35bb0bc9a47c4d67f16ef19be01e14ea64f899d4.bin","created_at":1629259307,"segment_duration":3,"opt_vbitrate":1800},{"type":"hd_mp4_video","slug":"mp4_h264_1211k","display_name":"720p","details":{},"container":"mp4","codec":"h264","width":1280,"height":720,"ext":"mp4","size":9082817,"bitrate":1211,"public":true,"status":2,"progress":1.0,"metadata":{"max_bitrate":232356,"early_max_bitrate":160985,"average_bitrate":155102,"av_stream_metadata":"{\"Video\":{\"Codec ID\":\"avc1\"},\"Audio\":{\"Codec ID\":\"mp4a-40-2\"}}"},"url":"https://embed-ssl.wistia.com/deliveries/3626f90cd2ba27a743c1eb622084337a6f230c73.bin","created_at":1629259307,"segment_duration":3,"opt_vbitrate":3750},{"type":"hd_mp4_video","slug":"mp4_h264_2575k","display_name":"1080p","details":{},"container":"mp4","codec":"h264","width":1920,"height":1080,"ext":"mp4","size":19303620,"bitrate":2575,"public":true,"status":2,"progress":1.0,"metadata":{"max_bitrate":465567,"early_max_bitrate":377911,"average_bitrate":329638,"av_stream_metadata":"{\"Video\":{\"Codec ID\":\"avc1\"},\"Audio\":{\"Codec ID\":\"mp4a-40-2\"}}"},"url":"https://embed-ssl.wistia.com/deliveries/cee331ef5dfa6e0e9d0e0c634b0b95efa78d1eb3.bin","created_at":1629259307,"segment_duration":3,"opt_vbitrate":5625},{"type":"still_image","slug":"still_image_1920x1080","display_name":"Thumbnail Image","details":{},"width":1920,"height":1080,"ext":"jpg","size":180286,"bitrate":0,"public":true,"status":2,"progress":1.0,"metadata":{"served_by_media_api":1},"url":"https://embed-ssl.wistia.com/deliveries/6872a419348ef9c3043eef70127bc8073d3be5ef.bin","created_at":1629259307},{"type":"storyboard","slug":"storyboard_2000x1356","display_name":"Storyboard","details":{},"width":2000,"height":1356,"ext":"jpg","size":742827,"bitrate":0,"public":true,"status":2,"progress":1.0,"metadata":{"frame_width":200,"frame_height":113,"frame_count":117,"av_stream_metadata":"null","aspect_ratio":1.7777777777777777},"url":"https://embed-ssl.wistia.com/deliveries/b63b3537b7baddc70b05088efb3cd88df62ddc13.bin","created_at":1629259307}],"branding":false,"createdAt":1629259304,"distilleryUrl":"https://distillery.wistia.com/x","duration":58.56,"enableCustomerLogo":true,"firstEmbedForAccount":false,"firstShareForAccount":false,"hashedId":"yolwx48h50","mediaId":77413874,"mediaKey":"wistia-production_77413874","mediaType":"Video","name":"sites/2147497662/video/5S10podgTpyYkhzzZsvJ_T2_1_min_2.mp4","preloadPreference":"","progress":1.0,"protected":false,"projectId":5883008,"seoDescription":"a Kajabi Site 2147497662 video","showAbout":true,"status":2,"type":"Video","playableWithoutInstantHls":true,"stats":{"loadCount":447948,"playCount":274803,"uniqueLoadCount":293530,"uniquePlayCount":201340,"averageEngagement":0.223156},"trackingTransmitInterval":20,"liveStreamEventDetails":null,"integrations":{"google_analytics":true},"embed_options":{"volumeControl":"true","fullscreenButton":"true","controlsVisibleOnLoad":"true","playerColor":"1e71e7","bpbTime":"false","plugin":{},"vulcan":true},"embedOptions":{"volumeControl":"true","fullscreenButton":"true","controlsVisibleOnLoad":"true","playerColor":"1e71e7","bpbTime":"false","plugin":{},"vulcan":true}},"options":{}}